{
    "gear_pair_1": {
        "z1_small": 19,
        "d1_small": 38,
        "z2_big": 129,
        "d2_big": 258,
        "m12": 2,
        "b1_small": 35.4,
        "b2_big": 30.4,
        "a12": 148.0
    },
    "gear_pair_2": {
        "z2_small": 35,
        "d2_small": 70,
        "z3_big": 182,
        "d3_big": 364,
        "m23": 2,
        "b2_small": 61.0,
        "b3_big": 56.0,
        "a23": 217.0
    },
    "shaft": {
        "d1": 13.036,
        "d2": 24.333,
        "d3": 41.619,
        "l_interval": 3
    },
    "coupling": {
        "name": "LT4",
        "d1": 20
    },
    "coupling_2": {
        "name": "LT7",
        "d1": 45
    },
    "box": {
        "delta": 8.425,
        "delta_1": 8,
        "d_f": {
            "d": 20,
            "c1": 26,
            "c2": 24,
            "D0": 20
        },
        "n": 4,
        "b": 12.637500000000001,
        "b_1": 12.0,
        "b_2": 21.0625,
        "d_1": {
            "d": 16,
            "c1": 22,
            "c2": 20,
            "D0": 33
        },
        "d_2": {
            "d": 12,
            "c1": 18,
            "c2": 16,
            "D0": 26
        },
        "l": 200,
        "d_3": {
            "d": 10,
            "c1": 16,
            "c2": 14,
            "D0": 22
        },
        "d_4": {
            "d": 8,
            "c1": 13,
            "c2": 11,
            "D0": 18
        },
        "d": 9.600000000000001,
        "R_1": 16,
        "l_1": 42,
        "m_1": 6.8,
        "m": 7.161250000000001,
        "Delta_1": 8.425,
        "Delta_2": 8.425,
        "A": 47.425,
        "B": 52.425,
        "h": null,
        "D_2": null,
        "S": null,
        "to_oil_slinger": 3,
        "to_bear_in": 12,
        "Delta_3": 10,
        "shaft_to_bear": 3,
        "h_s": 60.666666666666664,
        "H_center_to_bottom": 212.0,
        "delta_bottom": 8.425,
        "under_to_ground": 5
    },
    "bear_1": {
        "name": "6005",
        "d": 25,
        "D": 47,
        "B": 12,
        "r": 0.6,
        "d_a": 30,
        "D_a": 42,
        "r_a": 0.6
    },
    "bear_2": {
        "name": "6008",
        "d": 40,
        "D": 68,
        "B": 15,
        "r": 1,
        "d_a": 46,
        "D_a": 62,
        "r_a": 1
    },
    "bear_3": {
        "name": "6010",
        "d": 50,
        "D": 80,
        "B": 16,
        "r": 1,
        "d_a": 56,
        "D_a": 74,
        "r_a": 1
    },
    "felt_1": {
        "d": 24,
        "D": 37,
        "b": 5,
        "D1": 38,
        "d1": 26,
        "b1": 4,
        "b2": 5.5,
        "d0": 25
    },
    "felt_2": {
        "d": 39,
        "D": 52,
        "b": 5,
        "D1": 53,
        "d1": 41,
        "b1": 4,
        "b2": 5.5,
        "d0": 40
    },
    "felt_3": {
        "d": 49,
        "D": 66,
        "b": 7,
        "D1": 67,
        "d1": 51,
        "b1": 5,
        "b2": 7.1,
        "d0": 50
    },
    "end_cap_1": {
        "d3": 6,
        "D": 47,
        "d0": 7,
        "D0": 62.0,
        "D2": 77.0,
        "e": 7.800000000000001,
        "e1": 7.800000000000001,
        "D4": 37,
        "D5": 44.0,
        "D6": 43,
        "d1": 26,
        "b1": 4,
        "b2": 5.5,
        "num_screw": 4,
        "m": 28.424999999999997
    },
    "end_cap_2": {
        "d3": 6,
        "D": 68,
        "d0": 7,
        "D0": 83.0,
        "D2": 98.0,
        "e": 7.800000000000001,
        "e1": 7.800000000000001,
        "D4": 58,
        "D5": 65.0,
        "D6": 64,
        "d1": 41,
        "b1": 4,
        "b2": 5.5,
        "num_screw": 4,
        "m": 25.424999999999997
    },
    "end_cap_3": {
        "d3": 8,
        "D": 80,
        "d0": 9,
        "D0": 100.0,
        "D2": 120.0,
        "e": 10.4,
        "e1": 10.4,
        "D4": 70,
        "D5": 76.0,
        "D6": 76,
        "d1": 51,
        "b1": 5,
        "b2": 7.1,
        "num_screw": 4,
        "m": 24.424999999999997
    },
    "sight_hole_cover": {
        "A": 100,
        "d4": 14.38,
        "A1": 171.9,
        "A2": 135.95,
        "B1": 98.25,
        "B": 26.349999999999994,
        "B2": 62.3,
        "h": 3
    }
}